code,date,e,n,wqi
BD03,7/1/2025,106.468056,10.505556,37.51
BD04,7/1/2025,106.411111,10.533056,36.33
BD05,7/1/2025,106.362778,10.555,54.16
BD06,7/1/2025,106.489167,10.378889,55.28
BD09,7/1/2025,106.341111,10.389167,66.84
BD1,7/1/2025,106.5825,10.428611,37.64
BD10,7/1/2025,106.303889,10.426111,67.47
BD11,7/1/2025,106.286111,10.518889,66.78
BD12,7/1/2025,106.195278,10.475556,36.79
BD13,7/1/2025,106.285833,10.3375,66.98
BD14,7/1/2025,106.263056,10.458056,37.33
BD15,7/1/2025,106.348056,10.543056,38.56
BD16,7/1/2025,106.520278,10.407778,57.1
BD17,7/1/2025,106.504167,10.491667,66.69
BD18,7/1/2025,106.4375,10.422778,37.06
BD2,7/1/2025,106.545278,10.473333,4.07
BD7,7/1/2025,106.395278,10.485556,36.96
BD8,7/1/2025,106.370278,10.364722,57.81
C1-1,7/1/2025,106.323333,11.323333,52.79
C2-1,7/1/2025,106.25,11.373333,64.94
C3-1,7/1/2025,106.2,11.44,51.82
CLCB1,7/1/2025,105.15576,9.75633,57.26
CLCB10,7/1/2025,105.38675,10.05539,57.08
CLCB13,7/1/2025,105.1661,9.5305,57.34
CLCB14,7/1/2025,105.2411,9.7294,36.68
CLCB15,7/1/2025,105.5436,9.6687,38.99
CLCB2,7/1/2025,105.21267,9.84895,57.21
CLCB3,7/1/2025,105.05421,9.79762,54.09
CLCB4,7/1/2025,105.13009,9.66705,56.71
CLCB5,7/1/2025,105.29636,9.474,54.51
CLCB6,7/1/2025,105.37559,9.5934,57.75
CLCB7,7/1/2025,105.37671,9.77976,56.85
CLCB8,7/1/2025,105.42469,9.94938,54.8
CLCB9,7/1/2025,105.35439,9.87573,56.4
DATI1,7/1/2025,106.232697,11.465033,45.66
DATI10,7/1/2025,106.072264,11.477061,52.35
DATI11,7/1/2025,106.356833,10.991417,66.76
DATI12,7/1/2025,106.116972,11.376806,66.4
DATI13,7/1/2025,106.022778,11.404719,54.61
DATI14,7/1/2025,106.344242,11.18115,45.44
DATI15,7/1/2025,106.324056,11.02775,49.41
DATI16,7/1/2025,106.207742,11.300415,34.95
DATI17,7/1/2025,106.503419,10.948525,64.57
DATI18,7/1/2025,106.363967,10.981836,64.95
DATI19,7/1/2025,106.255414,11.225739,62.66
DATI2,7/1/2025,106.362636,11.416258,67.2
DATI20,7/1/2025,106.092778,11.313028,54.45
DATI21,7/1/2025,106.091769,11.253581,47.11
DATI22,7/1/2025,106.31714,11.329494,42.51
DATI23,7/1/2025,106.615581,10.991867,32.14
DATI24,7/1/2025,106.262806,11.080472,56.57
DATI3,7/1/2025,106.299203,11.390678,44.96
DATI4,7/1/2025,106.33361,11.338717,37.56
DATI5,7/1/2025,106.424556,11.497803,57.14
DATI6,7/1/2025,106.363289,11.475936,55.09
DATI7,7/1/2025,106.339558,11.321814,44.28
DATI8,7/1/2025,106.253806,11.372667,65.61
DATI9,7/1/2025,106.221889,11.436608,50.99
DT1,7/1/2025,106.254444,11.431361,65.82
DT12,7/1/2025,106.116697,11.376806,63.43
DT14,7/1/2025,106.091778,11.253583,65.71
DT15,7/1/2025,106.643083,10.981639,49.53
DT16,7/1/2025,106.648694,10.92,33.81
DT18,7/1/2025,106.475056,10.638444,66.03
DT2,7/1/2025,106.413556,11.417944,38.02
DT3,7/1/2025,106.345806,11.321361,66.65
DT6,7/1/2025,106.078722,11.463556,65.17
DT7,7/1/2025,106.172917,11.3225,38.25
DT9,7/1/2025,106.328167,11.189583,54.1
M1-L,7/1/2025,106.617222,10.99,53.13
M2-L,7/1/2025,106.65,10.096667,53.89
M3-L,7/1/2025,106.69,10.89,53.13
M4-L,7/1/2025,106.256667,11.08,50.27
M5-L,7/1/2025,106.393056,10.558889,65.03
M6-L,7/1/2025,106.688089,10.564214,42.31
MT01,7/1/2025,105.99,10.02,75.86
MT03,7/1/2025,106.02,9.87,36.49
MT04,7/1/2025,106.21,10.0,50.3
MT05,7/1/2025,106.14,9.92,51.34
MT06,7/1/2025,106.31,9.99,52.53
MT07,7/1/2025,106.28,9.81,55.01
MT08,7/1/2025,106.15,9.76,43.28
MT09,7/1/2025,106.26,9.7,33.66
MT10,7/1/2025,106.38,9.66,54.5
MT11,7/1/2025,105.42,9.79,52.44
MT12,7/1/2025,105.92,9.96,52.23
MT13,7/1/2025,106.17,10.16,13.98
N1,7/1/2025,106.06,11.46,65.39
N2,7/1/2025,106.19,11.317778,51.51
N3,7/1/2025,106.201667,11.423333,52.53
N4,7/1/2025,106.305,11.22,64.58
N5,7/1/2025,106.305461,11.045828,49.25
N6,7/1/2025,106.394114,10.981075,55.03
OX01,7/1/2025,105.639204,10.080774,51.12
OX02,7/1/2025,105.661594,9.989848,36.24
OX03,7/1/2025,105.629671,9.93044,43.33
OX04,7/1/2025,105.571151,9.93304,65.37
OX05,7/1/2025,105.557149,9.976598,43.4
OX06,7/1/2025,105.514058,9.876734,34.57
OX07,7/1/2025,105.458364,9.820056,51.02
OX08,7/1/2025,105.374179,9.772157,51.05
OX09,7/1/2025,105.477978,9.886004,63.69
OX10,7/1/2025,105.562857,10.062936,64.05
OX11,7/1/2025,105.622886,10.117432,63.92
OX12,7/1/2025,105.691536,9.985615,43.41
OX13,7/1/2025,105.460678,9.777892,34.95
QL1,7/1/2025,105.675,9.301111,35.09
QL10,7/1/2025,105.230278,9.360556,69.58
QL11,7/1/2025,105.316944,9.506667,34.4
QL12,7/1/2025,105.510861,9.583789,53.64
QL13,7/1/2025,105.417964,9.592447,36.29
QL14,7/1/2025,105.294503,9.636392,62.43
QL15,7/1/2025,105.266069,9.405392,48.9
QL2,7/1/2025,105.526667,9.26,34.21
QL3,7/1/2025,105.41,9.234722,42.47
QL4,7/1/2025,105.309444,9.192222,51.2
QL5,7/1/2025,105.593889,9.564917,19.86
QL6,7/1/2025,105.458611,9.438056,39.04
QL7,7/1/2025,105.355,9.3375,34.31
QL8,7/1/2025,105.295,9.280556,34.05
QL9,7/1/2025,105.156944,9.183056,36.02
T1,7/1/2025,106.11,11.39,36.96
T2,7/1/2025,106.08,11.31,35.92
T3,7/1/2025,106.09,11.24,50.7
TGLX1,7/1/2025,105.057211,10.438308,65.06
TGLX10,7/1/2025,105.114928,10.437028,65.88
TGLX11,7/1/2025,105.017189,10.3161,61.8
TGLX12,7/1/2025,104.864517,10.355711,51.18
TGLX13,7/1/2025,104.791192,10.473281,65.81
TGLX14,7/1/2025,105.478094,10.311481,64.35
TGLX15,7/1/2025,105.1751,10.07,50.44
TGLX2,7/1/2025,105.101042,10.710792,60.85
TGLX3,7/1/2025,105.133692,10.265919,42.95
TGLX4,7/1/2025,104.871111,10.508672,33.43
TGLX5,7/1/2025,104.644658,10.525283,65.04
TGLX6,7/1/2025,105.092314,10.018097,49.52
TGLX7,7/1/2025,104.925547,10.189381,34.91
TGLX8,7/1/2025,104.741611,10.284789,34.51
TGLX9,7/1/2025,104.522072,10.368436,34.91
VC02,7/1/2025,106.411339,10.543592,32.58
VC03,7/1/2025,106.381544,10.644422,38.65
VC04,7/1/2025,106.270225,10.663131,32.45
VC05,7/1/2025,105.929153,10.783108,32.77
VC06,7/1/2025,106.266158,10.777772,3.63
VC07,7/1/2025,106.473433,10.638489,29.92
VC08,7/1/2025,106.405025,10.771161,41.51
VC09,7/1/2025,106.308333,10.8896,41.34
VC10,7/1/2025,106.262089,11.081078,34.58
