cuong_do_mua,0,1,2,3,4,5,6,7,8,9,10,11,12,13,14,15,16,17,18,19,20,21,22,23,24
0,0.00,0.00,0.00,0.00,0.00,0.00,0.00,0.00,0.00,0.00,0.00,0.00,0.00,0.00,0.00,0.00,0.00,0.00,0.00,0.00,0.00,0.00,0.00,0.00,0.00
5,0.00,0.00,0.00,0.00,0.00,0.00,0.00,0.00,0.00,0.00,0.00,0.00,0.00,0.00,0.00,0.00,0.00,0.00,0.00,0.00,0.00,0.00,0.00,0.00,0.00
10,0.00,0.01,0.00,0.00,0.00,0.00,0.00,0.00,0.00,0.00,0.00,0.00,0.00,0.00,0.00,0.00,0.00,0.00,0.00,0.00,0.00,0.00,0.00,0.00,0.00
15,0.00,0.01,0.01,0.00,0.00,0.00,0.00,0.00,0.00,0.00,0.00,0.00,0.00,0.00,0.00,0.00,0.00,0.00,0.00,0.00,0.00,0.00,0.00,0.00,0.00
20,0.00,0.02,0.01,0.00,0.00,0.00,0.00,0.00,0.00,0.00,0.00,0.00,0.00,0.00,0.00,0.00,0.00,0.00,0.00,0.00,0.00,0.00,0.00,0.00,0.00
25,0.01,0.02,0.01,0.00,0.00,0.00,0.00,0.00,0.00,0.00,0.00,0.00,0.00,0.00,0.00,0.00,0.00,0.00,0.00,0.00,0.00,0.00,0.00,0.00,0.00
30,0.01,0.03,0.01,0.01,0.00,0.00,0.00,0.00,0.00,0.00,0.00,0.00,0.00,0.00,0.00,0.00,0.00,0.00,0.00,0.00,0.00,0.00,0.00,0.00,0.00
35,0.01,0.03,0.01,0.01,0.01,0.00,0.00,0.00,0.00,0.00,0.00,0.00,0.00,0.00,0.00,0.00,0.00,0.00,0.00,0.00,0.00,0.00,0.00,0.00,0.00
40,0.01,0.03,0.01,0.01,0.01,0.01,0.00,0.00,0.00,0.00,0.00,0.00,0.00,0.00,0.00,0.00,0.00,0.00,0.00,0.00,0.00,0.00,0.00,0.00,0.00
45,0.01,0.04,0.02,0.01,0.01,0.01,0.00,0.00,0.00,0.00,0.00,0.00,0.00,0.00,0.00,0.00,0.00,0.00,0.00,0.00,0.00,0.00,0.00,0.00,0.00
50,0.01,0.04,0.02,0.01,0.01,0.01,0.00,0.00,0.00,0.00,0.00,0.00,0.00,0.00,0.00,0.00,0.00,0.00,0.00,0.00,0.00,0.00,0.00,0.00,0.00
55,0.01,0.05,0.02,0.01,0.01,0.01,0.00,0.00,0.00,0.00,0.00,0.00,0.00,0.00,0.00,0.00,0.00,0.00,0.00,0.00,0.00,0.00,0.00,0.00,0.00
60,0.01,0.05,0.02,0.01,0.01,0.01,0.00,0.00,0.00,0.00,0.00,0.00,0.00,0.00,0.00,0.00,0.00,0.00,0.00,0.00,0.00,0.00,0.00,0.00,0.00
65,0.01,0.06,0.02,0.01,0.01,0.01,0.00,0.00,0.00,0.00,0.00,0.00,0.00,0.00,0.00,0.00,0.00,0.00,0.00,0.00,0.00,0.00,0.00,0.00,0.00
70,0.02,0.06,0.02,0.01,0.01,0.01,0.00,0.00,0.00,0.00,0.00,0.00,0.00,0.00,0.00,0.00,0.00,0.00,0.00,0.00,0.00,0.00,0.00,0.00,0.00
75,0.02,0.06,0.03,0.01,0.01,0.01,0.00,0.00,0.00,0.00,0.00,0.00,0.00,0.00,0.00,0.00,0.00,0.00,0.00,0.00,0.00,0.00,0.00,0.00,0.00
80,0.02,0.07,0.03,0.01,0.01,0.01,0.00,0.00,0.00,0.00,0.00,0.00,0.00,0.00,0.00,0.00,0.00,0.00,0.00,0.00,0.00,0.00,0.00,0.00,0.00
85,0.02,0.07,0.03,0.02,0.01,0.01,0.00,0.00,0.00,0.00,0.00,0.00,0.00,0.00,0.00,0.00,0.00,0.00,0.00,0.00,0.00,0.00,0.00,0.00,0.00
90,0.02,0.08,0.03,0.02,0.01,0.01,0.01,0.00,0.00,0.00,0.00,0.00,0.00,0.00,0.00,0.00,0.00,0.00,0.00,0.00,0.00,0.00,0.00,0.00,0.00
95,0.02,0.08,0.03,0.02,0.01,0.01,0.01,0.00,0.00,0.00,0.00,0.00,0.00,0.00,0.00,0.00,0.00,0.00,0.00,0.00,0.00,0.00,0.00,0.00,0.00
100,0.02,0.09,0.03,0.02,0.01,0.01,0.01,0.00,0.00,0.00,0.00,0.00,0.00,0.00,0.00,0.00,0.00,0.00,0.00,0.00,0.00,0.00,0.00,0.00,0.00
105,0.02,0.09,0.04,0.02,0.02,0.01,0.01,0.00,0.00,0.00,0.00,0.00,0.00,0.00,0.00,0.00,0.00,0.00,0.00,0.00,0.00,0.00,0.00,0.00,0.00
110,0.02,0.09,0.04,0.02,0.02,0.01,0.01,0.00,0.00,0.00,0.00,0.00,0.00,0.00,0.00,0.00,0.00,0.00,0.00,0.00,0.00,0.00,0.00,0.00,0.00
115,0.03,0.10,0.04,0.02,0.02,0.01,0.01,0.00,0.00,0.00,0.00,0.00,0.00,0.00,0.00,0.00,0.00,0.00,0.00,0.00,0.00,0.00,0.00,0.00,0.00
120,0.03,0.10,0.04,0.02,0.02,0.02,0.01,0.00,0.00,0.00,0.00,0.00,0.00,0.00,0.00,0.00,0.00,0.00,0.00,0.00,0.00,0.00,0.00,0.00,0.00
125,0.03,0.11,0.04,0.02,0.02,0.02,0.01,0.00,0.00,0.00,0.00,0.00,0.00,0.00,0.00,0.00,0.00,0.00,0.00,0.00,0.00,0.00,0.00,0.00,0.00
130,0.03,0.11,0.05,0.02,0.02,0.02,0.01,0.00,0.00,0.00,0.00,0.00,0.00,0.00,0.00,0.00,0.00,0.00,0.00,0.00,0.00,0.00,0.00,0.00,0.00
135,0.03,0.11,0.05,0.02,0.02,0.02,0.01,0.00,0.00,0.00,0.00,0.00,0.00,0.00,0.00,0.00,0.00,0.00,0.00,0.00,0.00,0.00,0.00,0.00,0.00
140,0.03,0.12,0.05,0.02,0.02,0.02,0.01,0.00,0.00,0.00,0.00,0.00,0.00,0.00,0.00,0.00,0.00,0.00,0.00,0.00,0.00,0.00,0.00,0.00,0.00
145,0.03,0.12,0.05,0.03,0.02,0.02,0.01,0.00,0.00,0.00,0.00,0.00,0.00,0.00,0.00,0.00,0.00,0.00,0.00,0.00,0.00,0.00,0.00,0.00,0.00
150,0.03,0.13,0.05,0.03,0.02,0.02,0.01,0.00,0.00,0.00,0.00,0.00,0.00,0.00,0.00,0.00,0.00,0.00,0.00,0.00,0.00,0.00,0.00,0.00,0.00
155,0.03,0.13,0.05,0.03,0.02,0.02,0.01,0.00,0.00,0.00,0.00,0.00,0.00,0.00,0.00,0.00,0.00,0.00,0.00,0.00,0.00,0.00,0.00,0.00,0.00
160,0.03,0.14,0.06,0.03,0.02,0.02,0.01,0.00,0.00,0.00,0.00,0.00,0.00,0.00,0.00,0.00,0.00,0.00,0.00,0.00,0.00,0.00,0.00,0.00,0.00
165,0.04,0.14,0.06,0.03,0.02,0.02,0.01,0.00,0.00,0.00,0.00,0.00,0.00,0.00,0.00,0.00,0.00,0.00,0.00,0.00,0.00,0.00,0.00,0.00,0.00
170,0.04,0.14,0.06,0.03,0.02,0.02,0.01,0.00,0.00,0.00,0.00,0.00,0.00,0.00,0.00,0.00,0.00,0.00,0.00,0.00,0.00,0.00,0.00,0.00,0.00
175,0.04,0.15,0.06,0.03,0.03,0.02,0.01,0.00,0.00,0.00,0.00,0.00,0.00,0.00,0.00,0.00,0.00,0.00,0.00,0.00,0.00,0.00,0.00,0.00,0.00
180,0.04,0.15,0.06,0.03,0.03,0.02,0.01,0.00,0.00,0.00,0.00,0.00,0.00,0.00,0.00,0.00,0.00,0.00,0.00,0.00,0.00,0.00,0.00,0.00,0.00
185,0.04,0.16,0.06,0.03,0.03,0.02,0.01,0.00,0.00,0.00,0.00,0.00,0.00,0.00,0.00,0.00,0.00,0.00,0.00,0.00,0.00,0.00,0.00,0.00,0.00
190,0.04,0.16,0.07,0.03,0.03,0.02,0.01,0.00,0.00,0.00,0.00,0.00,0.00,0.00,0.00,0.00,0.00,0.00,0.00,0.00,0.00,0.00,0.00,0.00,0.00
195,0.04,0.17,0.07,0.03,0.03,0.02,0.01,0.00,0.00,0.00,0.00,0.00,0.00,0.00,0.00,0.00,0.00,0.00,0.00,0.00,0.00,0.00,0.00,0.00,0.00
200,0.04,0.17,0.07,0.04,0.03,0.03,0.01,0.00,0.00,0.00,0.00,0.00,0.00,0.00,0.00,0.00,0.00,0.00,0.00,0.00,0.00,0.00,0.00,0.00,0.00
205,0.04,0.17,0.07,0.04,0.03,0.03,0.01,0.00,0.00,0.00,0.00,0.00,0.00,0.00,0.00,0.00,0.00,0.00,0.00,0.00,0.00,0.00,0.00,0.00,0.00
210,0.05,0.18,0.07,0.04,0.03,0.03,0.01,0.00,0.00,0.00,0.00,0.00,0.00,0.00,0.00,0.00,0.00,0.00,0.00,0.00,0.00,0.00,0.00,0.00,0.00
215,0.05,0.18,0.07,0.04,0.03,0.03,0.01,0.00,0.00,0.00,0.00,0.00,0.00,0.00,0.00,0.00,0.00,0.00,0.00,0.00,0.00,0.00,0.00,0.00,0.00
220,0.05,0.19,0.08,0.04,0.03,0.03,0.01,0.00,0.00,0.00,0.00,0.00,0.00,0.00,0.00,0.00,0.00,0.00,0.00,0.00,0.00,0.00,0.00,0.00,0.00
225,0.05,0.19,0.08,0.04,0.03,0.03,0.01,0.00,0.00,0.00,0.00,0.00,0.00,0.00,0.00,0.00,0.00,0.00,0.00,0.00,0.00,0.00,0.00,0.00,0.00
230,0.05,0.20,0.08,0.04,0.03,0.03,0.01,0.00,0.00,0.00,0.00,0.00,0.00,0.00,0.00,0.00,0.00,0.00,0.00,0.00,0.00,0.00,0.00,0.00,0.00
235,0.05,0.20,0.08,0.04,0.03,0.03,0.01,0.00,0.00,0.00,0.00,0.00,0.00,0.00,0.00,0.00,0.00,0.00,0.00,0.00,0.00,0.00,0.00,0.00,0.00
240,0.05,0.20,0.08,0.04,0.03,0.03,0.01,0.00,0.00,0.00,0.00,0.00,0.00,0.00,0.00,0.00,0.00,0.01,0.00,0.00,0.00,0.00,0.00,0.00,0.00
245,0.05,0.21,0.09,0.04,0.04,0.03,0.01,0.00,0.00,0.00,0.00,0.00,0.00,0.00,0.00,0.00,0.00,0.01,0.00,0.00,0.00,0.00,0.00,0.00,0.00
250,0.05,0.21,0.09,0.04,0.04,0.03,0.01,0.00,0.00,0.00,0.00,0.00,0.00,0.00,0.00,0.00,0.00,0.01,0.00,0.00,0.00,0.00,0.00,0.00,0.00
255,0.06,0.22,0.09,0.05,0.04,0.03,0.01,0.00,0.00,0.00,0.00,0.00,0.00,0.00,0.00,0.00,0.00,0.01,0.00,0.00,0.00,0.00,0.00,0.00,0.00
260,0.06,0.22,0.09,0.05,0.04,0.03,0.01,0.00,0.00,0.00,0.00,0.00,0.00,0.00,0.00,0.00,0.00,0.01,0.00,0.00,0.00,0.00,0.00,0.00,0.00
265,0.06,0.23,0.09,0.05,0.04,0.03,0.01,0.00,0.00,0.00,0.00,0.00,0.00,0.00,0.00,0.00,0.00,0.01,0.00,0.00,0.00,0.00,0.00,0.00,0.00
270,0.06,0.23,0.09,0.05,0.04,0.03,0.02,0.01,0.00,0.00,0.00,0.00,0.00,0.00,0.00,0.00,0.00,0.01,0.00,0.00,0.00,0.00,0.00,0.00,0.00
275,0.06,0.23,0.10,0.05,0.04,0.03,0.02,0.01,0.00,0.00,0.00,0.00,0.00,0.00,0.00,0.00,0.00,0.01,0.00,0.00,0.00,0.00,0.00,0.00,0.00
280,0.06,0.24,0.10,0.05,0.04,0.04,0.02,0.01,0.00,0.00,0.00,0.00,0.00,0.00,0.00,0.00,0.00,0.01,0.00,0.00,0.00,0.00,0.00,0.00,0.00
285,0.06,0.24,0.10,0.05,0.04,0.04,0.02,0.01,0.00,0.00,0.00,0.00,0.00,0.00,0.00,0.00,0.00,0.01,0.00,0.00,0.00,0.00,0.00,0.00,0.00
290,0.06,0.25,0.10,0.05,0.04,0.04,0.02,0.01,0.00,0.00,0.00,0.00,0.00,0.00,0.00,0.00,0.00,0.01,0.00,0.00,0.00,0.00,0.00,0.00,0.00
295,0.06,0.25,0.10,0.05,0.04,0.04,0.02,0.01,0.00,0.00,0.00,0.00,0.00,0.00,0.00,0.00,0.00,0.01,0.00,0.00,0.00,0.00,0.00,0.00,0.00
300,0.07,0.26,0.10,0.05,0.04,0.04,0.02,0.01,0.00,0.00,0.00,0.00,0.00,0.00,0.00,0.00,0.00,0.01,0.00,0.00,0.00,0.00,0.00,0.00,0.00
305,0.07,0.26,0.11,0.05,0.04,0.04,0.02,0.01,0.00,0.00,0.00,0.00,0.00,0.00,0.00,0.00,0.00,0.01,0.00,0.00,0.00,0.00,0.00,0.00,0.00
310,0.07,0.26,0.11,0.05,0.04,0.04,0.02,0.01,0.01,0.00,0.00,0.00,0.00,0.00,0.00,0.00,0.00,0.01,0.00,0.00,0.00,0.00,0.00,0.00,0.00
315,0.07,0.27,0.11,0.06,0.05,0.04,0.02,0.01,0.01,0.00,0.00,0.00,0.00,0.00,0.00,0.00,0.00,0.01,0.00,0.00,0.00,0.00,0.00,0.00,0.00
320,0.07,0.27,0.11,0.06,0.05,0.04,0.02,0.01,0.01,0.00,0.00,0.00,0.00,0.00,0.00,0.00,0.00,0.01,0.00,0.00,0.00,0.00,0.00,0.00,0.00
325,0.07,0.28,0.11,0.06,0.05,0.04,0.02,0.01,0.01,0.00,0.00,0.00,0.00,0.00,0.00,0.00,0.00,0.01,0.00,0.00,0.00,0.00,0.00,0.00,0.00
330,0.07,0.28,0.12,0.06,0.05,0.04,0.02,0.01,0.01,0.00,0.00,0.00,0.00,0.00,0.00,0.00,0.00,0.01,0.00,0.00,0.00,0.00,0.00,0.00,0.00
335,0.07,0.28,0.12,0.06,0.05,0.04,0.02,0.01,0.01,0.00,0.00,0.00,0.00,0.00,0.00,0.00,0.00,0.01,0.00,0.00,0.00,0.00,0.00,0.00,0.00
340,0.07,0.29,0.12,0.06,0.05,0.04,0.02,0.01,0.01,0.00,0.00,0.00,0.00,0.00,0.00,0.00,0.00,0.01,0.00,0.00,0.00,0.00,0.00,0.00,0.00
345,0.08,0.29,0.12,0.06,0.05,0.04,0.02,0.01,0.01,0.00,0.00,0.00,0.00,0.00,0.00,0.00,0.00,0.01,0.00,0.00,0.00,0.00,0.00,0.00,0.00
350,0.08,0.30,0.12,0.06,0.05,0.04,0.02,0.01,0.01,0.01,0.00,0.00,0.00,0.00,0.00,0.00,0.00,0.01,0.00,0.00,0.00,0.00,0.00,0.00,0.00
355,0.08,0.30,0.12,0.06,0.05,0.04,0.02,0.01,0.01,0.01,0.00,0.00,0.00,0.00,0.00,0.00,0.00,0.01,0.00,0.00,0.00,0.00,0.00,0.00,0.00
360,0.08,0.31,0.13,0.06,0.05,0.05,0.02,0.01,0.01,0.01,0.00,0.00,0.00,0.00,0.00,0.00,0.00,0.01,0.00,0.00,0.00,0.00,0.00,0.00,0.00
365,0.08,0.31,0.13,0.06,0.05,0.05,0.02,0.01,0.01,0.01,0.00,0.00,0.00,0.00,0.00,0.00,0.00,0.01,0.00,0.00,0.00,0.00,0.00,0.00,0.00
370,0.08,0.31,0.13,0.07,0.05,0.05,0.02,0.01,0.01,0.01,0.00,0.00,0.00,0.00,0.00,0.00,0.00,0.01,0.00,0.00,0.00,0.00,0.00,0.00,0.00
375,0.08,0.32,0.13,0.07,0.05,0.05,0.02,0.01,0.01,0.01,0.00,0.00,0.00,0.00,0.00,0.00,0.00,0.01,0.00,0.00,0.00,0.00,0.00,0.00,0.00
380,0.08,0.32,0.13,0.07,0.05,0.05,0.02,0.01,0.01,0.01,0.00,0.00,0.00,0.00,0.00,0.00,0.00,0.01,0.00,0.00,0.00,0.00,0.00,0.00,0.00
385,0.08,0.33,0.13,0.07,0.06,0.05,0.02,0.01,0.01,0.01,0.00,0.00,0.00,0.00,0.00,0.00,0.00,0.01,0.00,0.00,0.00,0.00,0.00,0.00,0.00
390,0.08,0.33,0.14,0.07,0.06,0.05,0.02,0.01,0.01,0.01,0.00,0.00,0.00,0.00,0.00,0.00,0.00,0.01,0.00,0.00,0.00,0.00,0.00,0.00,0.00
395,0.09,0.34,0.14,0.07,0.06,0.05,0.02,0.01,0.01,0.01,0.01,0.00,0.00,0.00,0.00,0.00,0.00,0.01,0.00,0.00,0.00,0.00,0.00,0.00,0.00
400,0.09,0.34,0.14,0.07,0.06,0.05,0.02,0.01,0.01,0.01,0.01,0.00,0.00,0.00,0.00,0.00,0.00,0.01,0.00,0.00,0.00,0.00,0.00,0.00,0.00
405,0.09,0.34,0.14,0.07,0.06,0.05,0.02,0.01,0.01,0.01,0.01,0.00,0.00,0.00,0.00,0.00,0.00,0.01,0.00,0.00,0.00,0.00,0.00,0.00,0.00
410,0.09,0.35,0.14,0.07,0.06,0.05,0.02,0.01,0.01,0.01,0.01,0.00,0.00,0.00,0.00,0.00,0.00,0.01,0.00,0.00,0.00,0.00,0.00,0.00,0.00
415,0.09,0.35,0.14,0.07,0.06,0.05,0.02,0.01,0.01,0.01,0.01,0.00,0.00,0.00,0.00,0.00,0.00,0.01,0.00,0.00,0.00,0.00,0.00,0.00,0.00
420,0.09,0.36,0.15,0.07,0.06,0.05,0.02,0.01,0.01,0.01,0.01,0.00,0.00,0.00,0.00,0.00,0.00,0.01,0.00,0.00,0.00,0.00,0.00,0.00,0.00
425,0.09,0.36,0.15,0.08,0.06,0.05,0.02,0.01,0.01,0.01,0.01,0.00,0.00,0.00,0.00,0.00,0.00,0.01,0.00,0.00,0.00,0.00,0.00,0.00,0.00
430,0.09,0.37,0.15,0.08,0.06,0.05,0.02,0.01,0.01,0.01,0.01,0.00,0.00,0.00,0.00,0.00,0.00,0.01,0.00,0.00,0.00,0.00,0.00,0.00,0.00
435,0.09,0.37,0.15,0.08,0.06,0.05,0.02,0.01,0.01,0.01,0.01,0.00,0.00,0.00,0.00,0.00,0.00,0.01,0.00,0.00,0.00,0.00,0.00,0.00,0.00
440,0.10,0.37,0.15,0.08,0.06,0.06,0.02,0.01,0.01,0.01,0.01,0.00,0.00,0.00,0.00,0.00,0.00,0.01,0.00,0.00,0.00,0.00,0.00,0.00,0.00
445,0.10,0.38,0.16,0.08,0.06,0.06,0.02,0.01,0.01,0.01,0.01,0.00,0.00,0.00,0.00,0.00,0.00,0.01,0.00,0.00,0.00,0.00,0.00,0.00,0.00
450,0.10,0.38,0.16,0.08,0.06,0.06,0.03,0.01,0.01,0.01,0.01,0.00,0.00,0.00,0.00,0.00,0.00,0.01,0.00,0.00,0.00,0.00,0.00,0.00,0.00
455,0.10,0.39,0.16,0.08,0.07,0.06,0.03,0.01,0.01,0.01,0.01,0.00,0.00,0.00,0.00,0.00,0.00,0.01,0.00,0.00,0.00,0.00,0.00,0.00,0.00
460,0.10,0.39,0.16,0.08,0.07,0.06,0.03,0.01,0.01,0.01,0.01,0.00,0.00,0.00,0.00,0.00,0.00,0.01,0.00,0.00,0.00,0.00,0.00,0.00,0.00
465,0.10,0.40,0.16,0.08,0.07,0.06,0.03,0.01,0.01,0.01,0.01,0.00,0.00,0.00,0.00,0.00,0.00,0.01,0.00,0.00,0.00,0.00,0.00,0.00,0.00
470,0.10,0.40,0.16,0.08,0.07,0.06,0.03,0.01,0.01,0.01,0.01,0.00,0.00,0.00,0.00,0.00,0.00,0.01,0.00,0.00,0.00,0.00,0.00,0.00,0.00
475,0.10,0.40,0.17,0.08,0.07,0.06,0.03,0.01,0.01,0.01,0.01,0.00,0.00,0.00,0.00,0.00,0.00,0.01,0.00,0.00,0.00,0.00,0.00,0.00,0.00
480,0.10,0.41,0.17,0.08,0.07,0.06,0.03,0.01,0.01,0.01,0.01,0.00,0.00,0.00,0.00,0.00,0.00,0.01,0.00,0.00,0.00,0.00,0.00,0.00,0.00
485,0.11,0.41,0.17,0.09,0.07,0.06,0.03,0.01,0.01,0.01,0.01,0.00,0.00,0.00,0.00,0.00,0.00,0.01,0.00,0.00,0.00,0.00,0.00,0.00,0.00
490,0.11,0.42,0.17,0.09,0.07,0.06,0.03,0.01,0.01,0.01,0.01,0.00,0.00,0.00,0.00,0.00,0.00,0.01,0.00,0.00,0.00,0.00,0.00,0.00,0.00
495,0.11,0.42,0.17,0.09,0.07,0.06,0.03,0.01,0.01,0.01,0.01,0.00,0.00,0.00,0.00,0.00,0.00,0.01,0.00,0.00,0.00,0.00,0.00,0.00,0.00
500,0.11,0.43,0.17,0.09,0.07,0.06,0.03,0.01,0.01,0.01,0.01,0.00,0.00,0.00,0.00,0.00,0.00,0.01,0.00,0.00,0.00,0.00,0.00,0.00,0.00
505,0.11,0.43,0.18,0.09,0.07,0.06,0.03,0.01,0.01,0.01,0.01,0.00,0.00,0.00,0.00,0.00,0.00,0.01,0.00,0.00,0.00,0.00,0.00,0.00,0.00
510,0.11,0.43,0.18,0.09,0.07,0.06,0.03,0.01,0.01,0.01,0.01,0.00,0.00,0.00,0.00,0.00,0.00,0.01,0.00,0.00,0.00,0.00,0.00,0.00,0.00
515,0.11,0.44,0.18,0.09,0.07,0.06,0.03,0.01,0.01,0.01,0.01,0.00,0.00,0.00,0.00,0.00,0.00,0.01,0.00,0.00,0.00,0.00,0.00,0.00,0.00
520,0.11,0.44,0.18,0.09,0.07,0.07,0.03,0.01,0.01,0.01,0.01,0.00,0.00,0.00,0.00,0.00,0.00,0.01,0.00,0.00,0.00,0.00,0.00,0.00,0.00
525,0.11,0.45,0.18,0.09,0.08,0.07,0.03,0.01,0.01,0.01,0.01,0.00,0.00,0.00,0.00,0.00,0.00,0.01,0.00,0.00,0.00,0.00,0.00,0.00,0.00
530,0.12,0.45,0.18,0.09,0.08,0.07,0.03,0.01,0.01,0.01,0.01,0.00,0.00,0.00,0.00,0.00,0.00,0.01,0.00,0.00,0.00,0.00,0.00,0.00,0.00
535,0.12,0.45,0.19,0.09,0.08,0.07,0.03,0.01,0.01,0.01,0.01,0.01,0.00,0.00,0.00,0.00,0.00,0.01,0.00,0.00,0.00,0.00,0.00,0.00,0.00
540,0.12,0.46,0.19,0.10,0.08,0.07,0.03,0.01,0.01,0.01,0.01,0.01,0.00,0.00,0.00,0.00,0.00,0.01,0.00,0.00,0.00,0.00,0.00,0.00,0.00
545,0.12,0.46,0.19,0.10,0.08,0.07,0.03,0.01,0.01,0.01,0.01,0.01,0.00,0.00,0.00,0.00,0.00,0.01,0.00,0.00,0.00,0.00,0.00,0.00,0.00
550,0.12,0.47,0.19,0.10,0.08,0.07,0.03,0.01,0.01,0.01,0.01,0.01,0.00,0.00,0.00,0.00,0.00,0.01,0.00,0.00,0.00,0.00,0.00,0.00,0.00
555,0.12,0.47,0.19,0.10,0.08,0.07,0.03,0.01,0.01,0.01,0.01,0.01,0.00,0.00,0.00,0.00,0.00,0.01,0.00,0.00,0.00,0.00,0.00,0.00,0.00
560,0.12,0.48,0.20,0.10,0.08,0.07,0.03,0.01,0.01,0.01,0.01,0.01,0.00,0.00,0.00,0.00,0.00,0.01,0.00,0.00,0.00,0.00,0.00,0.00,0.00
565,0.12,0.48,0.20,0.10,0.08,0.07,0.03,0.01,0.01,0.01,0.01,0.01,0.00,0.00,0.00,0.00,0.00,0.01,0.00,0.00,0.00,0.00,0.00,0.00,0.00
570,0.12,0.48,0.20,0.10,0.08,0.07,0.03,0.01,0.01,0.01,0.01,0.01,0.00,0.00,0.00,0.00,0.00,0.01,0.00,0.00,0.00,0.00,0.00,0.00,0.00
575,0.13,0.49,0.20,0.10,0.08,0.07,0.03,0.01,0.01,0.01,0.01,0.01,0.00,0.00,0.00,0.00,0.00,0.01,0.00,0.00,0.00,0.00,0.00,0.00,0.00
580,0.13,0.49,0.20,0.10,0.08,0.07,0.03,0.01,0.01,0.01,0.01,0.01,0.00,0.00,0.00,0.00,0.00,0.01,0.00,0.00,0.00,0.00,0.00,0.00,0.00
585,0.13,0.50,0.20,0.10,0.08,0.07,0.03,0.01,0.01,0.01,0.01,0.01,0.00,0.00,0.00,0.00,0.00,0.01,0.00,0.00,0.00,0.00,0.00,0.00,0.00
590,0.13,0.50,0.21,0.10,0.08,0.07,0.03,0.01,0.01,0.01,0.01,0.01,0.00,0.00,0.00,0.00,0.00,0.01,0.00,0.00,0.00,0.00,0.00,0.00,0.00
595,0.13,0.51,0.21,0.11,0.09,0.07,0.03,0.01,0.01,0.01,0.01,0.01,0.00,0.00,0.00,0.00,0.00,0.01,0.00,0.00,0.00,0.00,0.00,0.00,0.00
600,0.13,0.51,0.21,0.11,0.09,0.08,0.03,0.01,0.01,0.01,0.01,0.01,0.00,0.00,0.00,0.00,0.00,0.01,0.00,0.00,0.00,0.00,0.00,0.00,0.00
605,0.13,0.51,0.21,0.11,0.09,0.08,0.03,0.01,0.01,0.01,0.01,0.01,0.00,0.00,0.00,0.00,0.00,0.01,0.00,0.00,0.00,0.00,0.00,0.00,0.00
610,0.13,0.52,0.21,0.11,0.09,0.08,0.03,0.01,0.01,0.01,0.01,0.01,0.00,0.00,0.00,0.00,0.00,0.01,0.00,0.00,0.00,0.00,0.00,0.00,0.00
615,0.13,0.52,0.21,0.11,0.09,0.08,0.03,0.01,0.01,0.01,0.01,0.01,0.00,0.00,0.00,0.00,0.00,0.01,0.00,0.00,0.00,0.00,0.00,0.00,0.00
620,0.13,0.53,0.22,0.11,0.09,0.08,0.03,0.01,0.01,0.01,0.01,0.01,0.00,0.00,0.00,0.00,0.00,0.01,0.00,0.00,0.00,0.00,0.00,0.00,0.00
625,0.14,0.53,0.22,0.11,0.09,0.08,0.03,0.01,0.01,0.01,0.01,0.01,0.00,0.00,0.00,0.00,0.00,0.01,0.00,0.00,0.00,0.00,0.00,0.00,0.00
630,0.14,0.54,0.22,0.11,0.09,0.08,0.04,0.01,0.01,0.01,0.01,0.01,0.00,0.00,0.00,0.00,0.00,0.01,0.00,0.00,0.00,0.00,0.00,0.00,0.00
635,0.14,0.54,0.22,0.11,0.09,0.08,0.04,0.01,0.01,0.01,0.01,0.01,0.00,0.00,0.00,0.00,0.00,0.01,0.00,0.00,0.00,0.00,0.00,0.00,0.00
640,0.14,0.54,0.22,0.11,0.09,0.08,0.04,0.01,0.01,0.01,0.01,0.01,0.00,0.00,0.00,0.00,0.00,0.01,0.00,0.00,0.00,0.00,0.00,0.00,0.00
645,0.14,0.55,0.22,0.11,0.09,0.08,0.04,0.01,0.01,0.01,0.01,0.01,0.00,0.00,0.00,0.00,0.00,0.01,0.00,0.00,0.00,0.00,0.00,0.00,0.00
650,0.14,0.55,0.23,0.11,0.09,0.08,0.04,0.01,0.01,0.01,0.01,0.01,0.00,0.00,0.00,0.00,0.00,0.01,0.00,0.00,0.00,0.00,0.00,0.00,0.00
655,0.14,0.56,0.23,0.12,0.09,0.08,0.04,0.01,0.01,0.01,0.01,0.01,0.01,0.00,0.00,0.00,0.00,0.01,0.00,0.00,0.00,0.00,0.00,0.00,0.00
660,0.14,0.56,0.23,0.12,0.09,0.08,0.04,0.01,0.01,0.01,0.01,0.01,0.01,0.00,0.00,0.00,0.00,0.01,0.00,0.00,0.00,0.00,0.00,0.00,0.00
665,0.14,0.57,0.23,0.12,0.10,0.08,0.04,0.01,0.01,0.01,0.01,0.01,0.01,0.00,0.00,0.00,0.00,0.01,0.00,0.00,0.00,0.00,0.00,0.00,0.00
670,0.15,0.57,0.23,0.12,0.10,0.08,0.04,0.01,0.01,0.01,0.01,0.01,0.01,0.00,0.00,0.00,0.00,0.01,0.00,0.00,0.00,0.00,0.00,0.00,0.00
675,0.15,0.57,0.24,0.12,0.10,0.08,0.04,0.01,0.01,0.01,0.01,0.01,0.01,0.00,0.00,0.00,0.00,0.01,0.00,0.00,0.00,0.00,0.00,0.00,0.00
680,0.15,0.58,0.24,0.12,0.10,0.09,0.04,0.01,0.01,0.01,0.01,0.01,0.01,0.00,0.00,0.00,0.00,0.01,0.00,0.00,0.00,0.00,0.00,0.00,0.00
685,0.15,0.58,0.24,0.12,0.10,0.09,0.04,0.01,0.01,0.01,0.01,0.01,0.01,0.00,0.00,0.00,0.00,0.01,0.00,0.00,0.00,0.00,0.00,0.00,0.00
690,0.15,0.59,0.24,0.12,0.10,0.09,0.04,0.01,0.01,0.01,0.01,0.01,0.01,0.00,0.00,0.00,0.00,0.01,0.00,0.00,0.00,0.00,0.00,0.00,0.00
695,0.15,0.59,0.24,0.12,0.10,0.09,0.04,0.01,0.01,0.01,0.01,0.01,0.01,0.00,0.00,0.00,0.00,0.01,0.00,0.00,0.00,0.00,0.00,0.00,0.00
700,0.15,0.60,0.24,0.12,0.10,0.09,0.04,0.01,0.01,0.01,0.01,0.01,0.01,0.00,0.00,0.00,0.00,0.01,0.00,0.00,0.00,0.00,0.00,0.00,0.00
705,0.15,0.60,0.25,0.12,0.10,0.09,0.04,0.01,0.01,0.01,0.01,0.01,0.01,0.00,0.00,0.00,0.00,0.01,0.00,0.00,0.00,0.00,0.00,0.00,0.00
710,0.15,0.60,0.25,0.13,0.10,0.09,0.04,0.01,0.01,0.01,0.01,0.01,0.01,0.00,0.00,0.00,0.00,0.02,0.00,0.00,0.00,0.00,0.00,0.00,0.00
715,0.16,0.61,0.25,0.13,0.10,0.09,0.04,0.01,0.01,0.01,0.01,0.01,0.01,0.00,0.00,0.00,0.00,0.02,0.00,0.00,0.00,0.00,0.00,0.00,0.00
720,0.16,0.61,0.25,0.13,0.10,0.09,0.04,0.01,0.01,0.01,0.01,0.01,0.01,0.00,0.00,0.00,0.00,0.02,0.00,0.00,0.00,0.00,0.00,0.00,0.00
725,0.16,0.62,0.25,0.13,0.10,0.09,0.04,0.01,0.01,0.01,0.01,0.01,0.01,0.00,0.00,0.00,0.00,0.02,0.00,0.00,0.00,0.00,0.00,0.00,0.00
730,0.16,0.62,0.25,0.13,0.11,0.09,0.04,0.01,0.01,0.01,0.01,0.01,0.01,0.00,0.00,0.00,0.00,0.02,0.00,0.00,0.00,0.00,0.00,0.00,0.00
735,0.16,0.62,0.26,0.13,0.11,0.09,0.04,0.01,0.01,0.01,0.01,0.01,0.01,0.00,0.00,0.00,0.00,0.02,0.00,0.00,0.00,0.00,0.00,0.00,0.00
740,0.16,0.63,0.26,0.13,0.11,0.09,0.04,0.01,0.01,0.01,0.01,0.01,0.01,0.00,0.00,0.00,0.00,0.02,0.00,0.00,0.00,0.00,0.00,0.00,0.00
745,0.16,0.63,0.26,0.13,0.11,0.09,0.04,0.01,0.01,0.01,0.01,0.01,0.01,0.00,0.00,0.00,0.00,0.02,0.00,0.00,0.00,0.00,0.00,0.00,0.00
750,0.16,0.64,0.26,0.13,0.11,0.09,0.04,0.01,0.01,0.01,0.01,0.01,0.01,0.00,0.00,0.00,0.00,0.02,0.00,0.00,0.00,0.00,0.00,0.00,0.00
755,0.16,0.64,0.26,0.13,0.11,0.10,0.04,0.01,0.01,0.01,0.01,0.01,0.01,0.00,0.00,0.00,0.00,0.02,0.00,0.00,0.00,0.00,0.00,0.00,0.00
760,0.17,0.65,0.26,0.13,0.11,0.10,0.04,0.01,0.01,0.01,0.01,0.01,0.01,0.00,0.00,0.00,0.00,0.02,0.00,0.00,0.00,0.00,0.00,0.00,0.00
765,0.17,0.65,0.27,0.14,0.11,0.10,0.04,0.01,0.01,0.01,0.01,0.01,0.01,0.00,0.00,0.00,0.00,0.02,0.00,0.00,0.00,0.00,0.00,0.00,0.00
770,0.17,0.65,0.27,0.14,0.11,0.10,0.04,0.01,0.01,0.01,0.01,0.01,0.01,0.00,0.00,0.00,0.00,0.02,0.00,0.00,0.00,0.00,0.00,0.00,0.00
775,0.17,0.66,0.27,0.14,0.11,0.10,0.04,0.01,0.01,0.01,0.01,0.01,0.01,0.00,0.00,0.00,0.00,0.02,0.00,0.00,0.00,0.00,0.00,0.00,0.00
780,0.17,0.66,0.27,0.14,0.11,0.10,0.04,0.01,0.01,0.01,0.01,0.01,0.01,0.00,0.00,0.00,0.00,0.02,0.00,0.00,0.00,0.00,0.00,0.00,0.00
785,0.17,0.67,0.27,0.14,0.11,0.10,0.04,0.01,0.01,0.01,0.01,0.01,0.01,0.00,0.00,0.00,0.00,0.02,0.00,0.00,0.00,0.00,0.00,0.00,0.00
790,0.17,0.67,0.28,0.14,0.11,0.10,0.04,0.01,0.01,0.01,0.01,0.01,0.01,0.00,0.00,0.00,0.00,0.02,0.00,0.00,0.00,0.00,0.00,0.00,0.00
795,0.17,0.68,0.28,0.14,0.11,0.10,0.04,0.01,0.01,0.01,0.01,0.01,0.01,0.00,0.00,0.00,0.00,0.02,0.00,0.00,0.00,0.00,0.00,0.00,0.00
800,0.17,0.68,0.28,0.14,0.12,0.10,0.04,0.01,0.01,0.01,0.01,0.01,0.01,0.00,0.00,0.00,0.00,0.02,0.00,0.00,0.00,0.00,0.00,0.00,0.00
805,0.18,0.68,0.28,0.14,0.12,0.10,0.04,0.01,0.01,0.01,0.01,0.01,0.01,0.00,0.00,0.00,0.00,0.02,0.00,0.00,0.00,0.00,0.00,0.00,0.00
810,0.18,0.69,0.28,0.14,0.12,0.10,0.05,0.02,0.01,0.01,0.01,0.01,0.01,0.00,0.00,0.00,0.00,0.02,0.00,0.00,0.00,0.00,0.00,0.00,0.00
815,0.18,0.69,0.28,0.14,0.12,0.10,0.05,0.02,0.01,0.01,0.01,0.01,0.01,0.00,0.00,0.00,0.00,0.02,0.00,0.00,0.00,0.00,0.00,0.00,0.00
820,0.18,0.70,0.29,0.14,0.12,0.10,0.05,0.02,0.01,0.01,0.01,0.01,0.01,0.00,0.00,0.00,0.00,0.02,0.00,0.00,0.00,0.00,0.00,0.00,0.00
825,0.18,0.70,0.29,0.15,0.12,0.10,0.05,0.02,0.01,0.01,0.01,0.01,0.01,0.00,0.00,0.00,0.00,0.02,0.00,0.00,0.00,0.00,0.00,0.00,0.00
830,0.18,0.71,0.29,0.15,0.12,0.10,0.05,0.02,0.01,0.01,0.01,0.01,0.01,0.00,0.00,0.00,0.00,0.02,0.00,0.00,0.00,0.00,0.00,0.00,0.00
835,0.18,0.71,0.29,0.15,0.12,0.11,0.05,0.02,0.01,0.01,0.01,0.01,0.01,0.00,0.00,0.00,0.00,0.02,0.00,0.00,0.00,0.00,0.00,0.00,0.00
840,0.18,0.71,0.29,0.15,0.12,0.11,0.05,0.02,0.01,0.01,0.01,0.01,0.01,0.00,0.00,0.00,0.00,0.02,0.00,0.00,0.00,0.00,0.00,0.00,0.00
845,0.18,0.72,0.29,0.15,0.12,0.11,0.05,0.02,0.01,0.01,0.01,0.01,0.01,0.01,0.00,0.00,0.00,0.02,0.00,0.00,0.00,0.00,0.00,0.00,0.00
850,0.18,0.72,0.30,0.15,0.12,0.11,0.05,0.02,0.01,0.01,0.01,0.01,0.01,0.01,0.00,0.00,0.00,0.02,0.00,0.00,0.00,0.00,0.00,0.00,0.00
855,0.19,0.73,0.30,0.15,0.12,0.11,0.05,0.02,0.01,0.01,0.01,0.01,0.01,0.01,0.00,0.00,0.00,0.02,0.00,0.00,0.00,0.00,0.00,0.00,0.00
860,0.19,0.73,0.30,0.15,0.12,0.11,0.05,0.02,0.01,0.01,0.01,0.01,0.01,0.01,0.00,0.00,0.00,0.02,0.00,0.00,0.00,0.00,0.00,0.00,0.00
865,0.19,0.74,0.30,0.15,0.12,0.11,0.05,0.02,0.01,0.01,0.01,0.01,0.01,0.01,0.00,0.00,0.00,0.02,0.00,0.00,0.00,0.00,0.00,0.00,0.00
870,0.19,0.74,0.30,0.15,0.13,0.11,0.05,0.02,0.01,0.01,0.01,0.01,0.01,0.01,0.00,0.00,0.00,0.02,0.00,0.00,0.00,0.00,0.00,0.00,0.00
875,0.19,0.74,0.31,0.15,0.13,0.11,0.05,0.02,0.01,0.01,0.01,0.01,0.01,0.01,0.00,0.00,0.00,0.02,0.00,0.00,0.00,0.00,0.00,0.00,0.00
880,0.19,0.75,0.31,0.16,0.13,0.11,0.05,0.02,0.01,0.01,0.01,0.01,0.01,0.01,0.00,0.00,0.00,0.02,0.00,0.00,0.00,0.00,0.00,0.00,0.00
885,0.19,0.75,0.31,0.16,0.13,0.11,0.05,0.02,0.01,0.01,0.01,0.01,0.01,0.01,0.00,0.00,0.00,0.02,0.00,0.00,0.00,0.00,0.00,0.00,0.00
890,0.19,0.76,0.31,0.16,0.13,0.11,0.05,0.02,0.01,0.01,0.01,0.01,0.01,0.01,0.00,0.00,0.00,0.02,0.00,0.00,0.00,0.00,0.00,0.00,0.00
895,0.19,0.76,0.31,0.16,0.13,0.11,0.05,0.02,0.01,0.01,0.01,0.01,0.01,0.01,0.00,0.00,0.00,0.02,0.00,0.00,0.00,0.00,0.00,0.00,0.00
900,0.20,0.77,0.31,0.16,0.13,0.11,0.05,0.02,0.01,0.01,0.01,0.01,0.01,0.01,0.00,0.00,0.00,0.02,0.00,0.00,0.00,0.00,0.00,0.00,0.00
905,0.20,0.77,0.32,0.16,0.13,0.11,0.05,0.02,0.01,0.01,0.01,0.01,0.01,0.01,0.00,0.00,0.00,0.02,0.00,0.00,0.00,0.00,0.00,0.00,0.00
910,0.20,0.77,0.32,0.16,0.13,0.11,0.05,0.02,0.01,0.01,0.01,0.01,0.01,0.01,0.00,0.00,0.00,0.02,0.00,0.00,0.00,0.00,0.00,0.00,0.00
915,0.20,0.78,0.32,0.16,0.13,0.12,0.05,0.02,0.01,0.01,0.01,0.01,0.01,0.01,0.00,0.00,0.00,0.02,0.00,0.00,0.00,0.00,0.00,0.00,0.00
920,0.20,0.78,0.32,0.16,0.13,0.12,0.05,0.02,0.01,0.01,0.01,0.01,0.01,0.01,0.00,0.00,0.00,0.02,0.00,0.00,0.00,0.00,0.00,0.00,0.00
925,0.20,0.79,0.32,0.16,0.13,0.12,0.05,0.02,0.01,0.01,0.01,0.01,0.01,0.01,0.00,0.00,0.00,0.02,0.00,0.00,0.00,0.00,0.00,0.00,0.00
930,0.20,0.79,0.32,0.16,0.13,0.12,0.05,0.02,0.02,0.01,0.01,0.01,0.01,0.01,0.00,0.00,0.00,0.02,0.00,0.00,0.00,0.00,0.00,0.00,0.00
935,0.20,0.79,0.33,0.17,0.13,0.12,0.05,0.02,0.02,0.01,0.01,0.01,0.01,0.01,0.00,0.00,0.00,0.02,0.00,0.00,0.00,0.00,0.00,0.00,0.00
940,0.20,0.80,0.33,0.17,0.14,0.12,0.05,0.02,0.02,0.01,0.01,0.01,0.01,0.01,0.00,0.00,0.00,0.02,0.00,0.00,0.00,0.00,0.00,0.00,0.00
945,0.21,0.80,0.33,0.17,0.14,0.12,0.05,0.02,0.02,0.01,0.01,0.01,0.01,0.01,0.00,0.00,0.00,0.02,0.00,0.00,0.00,0.00,0.00,0.00,0.00
950,0.21,0.81,0.33,0.17,0.14,0.12,0.05,0.02,0.02,0.01,0.01,0.01,0.01,0.01,0.00,0.00,0.00,0.02,0.00,0.00,0.00,0.00,0.00,0.00,0.00
955,0.21,0.81,0.33,0.17,0.14,0.12,0.05,0.02,0.02,0.01,0.01,0.01,0.01,0.01,0.00,0.00,0.00,0.02,0.00,0.00,0.00,0.00,0.00,0.00,0.00
960,0.21,0.82,0.33,0.17,0.14,0.12,0.05,0.02,0.02,0.01,0.01,0.01,0.01,0.01,0.00,0.00,0.00,0.02,0.00,0.00,0.00,0.00,0.00,0.00,0.00
965,0.21,0.82,0.34,0.17,0.14,0.12,0.05,0.02,0.02,0.01,0.01,0.01,0.01,0.01,0.00,0.00,0.00,0.02,0.00,0.00,0.00,0.00,0.00,0.00,0.00
970,0.21,0.82,0.34,0.17,0.14,0.12,0.05,0.02,0.02,0.01,0.01,0.01,0.01,0.01,0.00,0.00,0.00,0.02,0.00,0.00,0.00,0.00,0.00,0.00,0.00
975,0.21,0.83,0.34,0.17,0.14,0.12,0.05,0.02,0.02,0.01,0.01,0.01,0.01,0.01,0.00,0.00,0.00,0.02,0.00,0.00,0.00,0.00,0.00,0.00,0.00
980,0.21,0.83,0.34,0.17,0.14,0.12,0.05,0.02,0.02,0.01,0.01,0.01,0.01,0.01,0.00,0.00,0.00,0.02,0.00,0.00,0.00,0.00,0.00,0.00,0.00
985,0.21,0.84,0.34,0.17,0.14,0.12,0.06,0.02,0.02,0.01,0.01,0.01,0.01,0.01,0.00,0.00,0.00,0.02,0.00,0.00,0.00,0.00,0.00,0.00,0.00
990,0.22,0.84,0.35,0.17,0.14,0.12,0.06,0.02,0.02,0.01,0.01,0.01,0.01,0.01,0.00,0.00,0.00,0.02,0.00,0.00,0.00,0.00,0.00,0.00,0.00
995,0.22,0.85,0.35,0.18,0.14,0.13,0.06,0.02,0.02,0.01,0.01,0.01,0.01,0.01,0.00,0.00,0.00,0.02,0.00,0.00,0.00,0.00,0.00,0.00,0.00
1000,0.22,0.85,0.35,0.18,0.14,0.13,0.06,0.02,0.02,0.01,0.01,0.01,0.01,0.01,0.00,0.00,0.00,0.02,0.00,0.00,0.00,0.00,0.00,0.00,0.00
